NHSTID,DIVA_NR,Y_KOORD,X_KOORD,CHSTNAME,CNAME,VTYP,HSTTYP,HAFAS_PRIO,LINKTEXT,ZONEN,SYMB_CODE,SYMB_TEXT,LINIEN,E,N
8591225,3121,,,"Zürich, Genossenschaftsstrasse",Zürich,Bus,&nbsp;,0,,110,2,Bus,"781,787,N78",2684804,1252206
8503004,13041,,,Zürich Tiefenbrunnen,Zürich,S-Bahn,<IMG SRC="../gisbrowser/_img/ZVV/HstTyp4.gif" ALT="S-Bahn Haltestelle">,4,,110,1,Bahn,"S6,SN6,SN7,S16",2684844,1244981
8591343,2326,,,"Zürich, Schörlistrasse",Zürich,Tram,&nbsp;,2,,110,5,Tram,"7,9",2684932,1251178
8591116,716,,,"Zürich, Dunkelhölzli",Zürich,Bus,&nbsp;,0,,110,2,Bus,"35,67,78,N13",2677876,1249185
8591333,2152,,,"Zürich, Salzweg",Zürich,Bus,&nbsp;,0,,110,2,Bus,"35,67,78,N13",2678007,1249055
8596008,6998,,,"Zürich, Hermetschloo",Zürich,,&nbsp;,0,,,99,,,2678140,1249764
8591284,1698,,,"Zürich, Neeserweg",Zürich,Bus,&nbsp;,0,,110,2,Bus,35,2678225,1249379
8591155,944,,,"Zürich, Geeringstrasse",Zürich,"Bus,Trolleybus",&nbsp;,0,,110,2,Bus,"46,89,485,N4",2678622,1252036
8576242,1045,,,"Zürich, Grünwald",Zürich,Bus,&nbsp;,0,,110,2,Bus,485,2678824,1252368
8591158,979,,,"Zürich, Giblenstrasse",Zürich,"Bus,Trolleybus",&nbsp;,0,,110,2,Bus,"46,N4",2679044,1251629
8591214,1320,,,"Zürich, In der Ey",Zürich,"Bus,Trolleybus",&nbsp;,0,,110,2,Bus,"33,80,N14",2679534,1247022
8591203,1252,,,"Zürich, Hubertus",Zürich,"Bus,Tram,Trolleybus",&nbsp;,2,,110,3,Bus Tram,"3,33,83,89,N14",2680089,1247935
8591351,2302,,,"Zürich, Schweighof",Zürich,Bus,&nbsp;,0,,110,2,Bus,"73,89,N5",2680377,1246537
8591334,2142,,,"Zürich, SBB-Werkstätte",Zürich,"Bus,Trolleybus",&nbsp;,0,,110,2,Bus,"31,N2",2680395,1248960
8591353,2306,,,"Zürich, Schwert",Zürich,"Bus,Tram,Trolleybus",&nbsp;,2,,110,3,Bus Tram,"13,38,46,N4,N8",2680487,1250426
8591374,2449,,,"Zürich, Sportweg",Zürich,Tram,&nbsp;,2,,110,5,Tram,4,2680574,1249525
8591054,3021,,,"Zürich, Bahnhof Affoltern",Zürich,Bus,&nbsp;,0,,110,2,Bus,"37,61,62,N1",2680648,1252813
8591118,767,,,"Zürich, Einfangstrasse",Zürich,"Bus,Trolleybus",&nbsp;,0,,110,2,Bus,"32,61,62,N1",2681072,1252209
8502572,1012,,,"Zürich, Goldbrunnenplatz",Zürich,"Bus,Tram,Trolleybus",&nbsp;,2,,110,3,Bus Tram,"9,14,32,67,215,220,235,236,245,350,N5",2681214,1247159
8591089,508,,,"Zürich, Bleulerstrasse",Zürich,Bus,&nbsp;,0,,110,2,Bus,77,2685609,1244653
8591114,711,,,"Zürich, Dreiwiesen",Zürich,Bus,&nbsp;,0,,110,2,Bus,751,2685864,1248176
8591211,1311,,,"Zürich, Im Klösterli",Zürich,Bus,&nbsp;,0,,110,2,Bus,39,2685952,1248823
8591107,617,,,"Zürich, Zentrum Witikon",Zürich,"Bus,Trolleybus",&nbsp;,0,,110,2,Bus,"31,91,701,703,704,N16,N19",2686724,1245909
8591072,455,,,"Zürich, Berghaldenstrasse",Zürich,"Bus,Trolleybus",&nbsp;,0,,110,2,Bus,"31,N16,N19",2686986,1245949
8591194,1220,,,"Zürich, Hirzenbach",Zürich,Tram,&nbsp;,2,,110,5,Tram,9,2686996,1250909
8591432,3772,,,"Zürich, Wiesliacher",Zürich,Bus,&nbsp;,0,,110,2,Bus,91,2687501,1245575
8594239,6759,,,"Zürich, Schiffbau",Zürich,"Bus,Tram,Trolleybus",&nbsp;,2,,110,3,Bus Tram,"4,8,33,72,83,N5,N8",2681637,1249140
8591154,916,,,"Zürich, Frymannstrasse",Zürich,Bus,&nbsp;,0,,110,2,Bus,"70,N12",2681665,1243259
8591418,2801,,,"Zürich, Waidhof",Zürich,Bus,&nbsp;,0,,110,2,Bus,"62,N1",2681822,1253127
8503011,13042,,,Zürich Wiedikon,Zürich,S-Bahn,<IMG SRC="../gisbrowser/_img/ZVV/HstTyp4.gif" ALT="S-Bahn Haltestelle">,4,,110,1,Bahn,"S2,S8,SN8,S24",2681899,1247341
8591110,648,,,"Zürich, Löwenbräu",Zürich,"Bus,Tram",&nbsp;,2,,110,3,Bus Tram,"4,6,13,N1,N4,N5,N7,N13",2682101,1249191
8591415,2795,,,"Zürich, Waffenplatzstrasse",Zürich,"Bus,Tram,Trolleybus",&nbsp;,2,,110,3,Bus Tram,"5,10,13,66,72,N12",2682123,1246195
8591427,6238,,,"Zürich, Werd",Zürich,Tram,&nbsp;,2,,110,5,Tram,"9,14",2682185,1247430
8591059,199,,,"Zürich, Bahnhof Enge/Bederstr.",Zürich,"Bus,Tram",&nbsp;,2,,110,3,Bus Tram,"5,10,13,200,210,444,445,N12",2682474,1246541
8591076,3587,,,"Zürich, Berufswahlschule",Zürich,Bus,&nbsp;,0,,110,2,Bus,40,2682629,1250971
8591241,3141,,,"Zürich, Landiwiese",Zürich,Bus,&nbsp;,0,,110,2,Bus,"161,165,N15",2682780,1245037
8591326,2108,,,"Zürich, Rotbuchstrasse",Zürich,Trolleybus,&nbsp;,0,,110,2,Bus,"32,33",2682860,1249518
8503681,2952,,,"Zürich Wollishofen, Schiffst.",Zürich,Schiff,<IMG SRC="../gisbrowser/_img/ZVV/HstTyp1.gif" ALT="Schiffsstation">,1,,110,4,Schiff,3730,2682985,1244430
8591191,6250,,,"Zürich, Himmeri",Zürich,Bus,&nbsp;,0,,110,2,Bus,"75,N6",2683006,1252714
8503000,13030,,,Zürich HB,Zürich,S-Bahn,<IMG SRC="../gisbrowser/_img/ZVV/HstTyp4.gif" ALT="S-Bahn Haltestelle">,4,,110,1,Bahn,"SN1,S2,S3,S5,SN5,S6,SN6,S7,SN7,S8,SN8,S9,SN9,S11,S12,S14,S15,S16,S19,S21,S24,S25,S42",2683018,1248099
8503088,14011,,,Zürich HB SZU,Zürich,S-Bahn,<IMG SRC="../gisbrowser/_img/ZVV/HstTyp4.gif" ALT="S-Bahn Haltestelle">,4,,110,1,Bahn,"S4,SN4,S10",2683101,1248002
8591093,601,,,"Zürich, Kantonalbank",Zürich,Tram,&nbsp;,2,,110,5,Tram,"2,8,9,11",2683170,1246953
8591071,435,,,"Zürich, Beckenhof",Zürich,Tram,&nbsp;,2,,110,5,Tram,"11,14",2683198,1248723
8587349,413,,,"Zürich, Bahnhofquai/HB",Zürich,"Tram,Trolleybus",&nbsp;,2,,110,3,Bus Tram,"4,6,11,13,14,46",2683302,1247991
8591187,1175,,,"Zürich, Hertensteinstrasse",Zürich,Bus,&nbsp;,0,,110,2,Bus,40,2683367,1253039
8591248,1532,,,"Zürich, Leimgrübelstrasse",Zürich,Bus,&nbsp;,0,,110,2,Bus,"75,N6",2683371,1253681
8591339,2164,,,"Zürich, Scheuchzerstrasse",Zürich,Trolleybus,&nbsp;,0,,110,2,Bus,33,2683459,1249139
8591229,1399,,,"Zürich, Kinkelstrasse",Zürich,"Bus,Tram",&nbsp;,2,,110,3,Bus Tram,"9,10,N11",2683635,1249263
8591173,1098,,,"Zürich, Haldenbach",Zürich,"Bus,Tram",&nbsp;,2,,110,3,Bus Tram,"9,10,N11",2683784,1248306
8591164,1008,,,"Zürich, Goldauerstrasse",Zürich,Standseilbahn,&nbsp;,0,,110,6,Bergbahn,23,2683913,1248979
8576196,1456,,,"Zürich, Kreuzstrasse",Zürich,"Bus,Tram",&nbsp;,2,,110,3,Bus Tram,"2,4,912,916,N18",2683936,1246410
8530813,1453,,,"Zürich, Kreuzplatz",Zürich,"S-Bahn,Tram,Trolleybus",<IMG SRC="../gisbrowser/_img/ZVV/HstTyp4.gif" ALT="S-Bahn Haltestelle">,4,,110,7,Bahn Bus Tram,"8,11,31,S18,SN18",2684247,1246622
8591330,2145,,,"Zürich, Saatlenstrasse",Zürich,Bus,&nbsp;,0,,110,2,Bus,"61,62,94,N11",2684848,1251718
8591444,3045,,,"Zürich, Zürichbergstrasse",Zürich,"Bus,Tram",&nbsp;,2,,110,3,Bus Tram,"6,N17",2684993,1248153
8591091,3715,,,"Zürich, Bocklerstrasse",Zürich,,&nbsp;,0,,110,99,,,2685199,1250811
8591345,2276,,,"Zürich, Schulhaus Buchlern",Zürich,Bus,&nbsp;,0,,110,2,Bus,"35,67,78,N13",2678525,1248724
8590318,821,,,"Zürich, Farbhof",Zürich,"Bus,Tram",&nbsp;,2,,110,3,Bus Tram,"2,35,N2",2678553,1249415
8591320,3122,,,"Zürich, Riedhofstrasse",Zürich,Bus,&nbsp;,0,,110,2,Bus,"89,485,N4",2678564,1251533
8591372,6003,,,"Zürich, Solidapark",Zürich,Bus,&nbsp;,0,,110,2,Bus,35,2679270,1249074
8591358,2364,,,"Zürich, Segantinistrasse",Zürich,"Bus,Trolleybus",&nbsp;,0,,110,2,Bus,"46,N4",2679352,1251268
8591057,5001,,,"Zürich, Bahnhof Altstetten N",Zürich,"Bus,Tram",&nbsp;,2,,110,3,Bus Tram,"4,304,307,308,485",2679370,1249558
8591035,3797,,,"Zürich, Albisrank",Zürich,Bus,&nbsp;,0,,110,2,Bus,"83,89",2679748,1248201
8503610,2680,,,"Zürich, Triemli",Zürich,"Bus,Tram,Trolleybus",&nbsp;,2,,110,3,Bus Tram,"9,14,33,80,215,220,235,236,245,350,N14",2679817,1246895
8591090,6626,,,"Zürich, Blumenfeldstrasse",Zürich,Bus,&nbsp;,0,,110,2,Bus,61,2680480,1253099
8591170,1073,,,"Zürich, Gutstrasse",Zürich,Bus,&nbsp;,0,,110,2,Bus,67,2680664,1247315
8591236,1446,,,"Zürich, Altes Krematorium",Zürich,"Bus,Tram,Trolleybus",&nbsp;,2,,110,3,Bus Tram,"3,33,72,83,N14",2680748,1247991
8503008,13021,,,Zürich Affoltern,Zürich,S-Bahn,<IMG SRC="../gisbrowser/_img/ZVV/HstTyp4.gif" ALT="S-Bahn Haltestelle">,4,,110,1,Bahn,"S6,SN6,S21",2680749,1252787
8591149,902,,,"Zürich, Friesenberg",Zürich,Trolleybus,&nbsp;,0,,110,2,Bus,32,2680778,1246488
8503052,10902,,,Zürich Friesenberg,Zürich,S-Bahn,<IMG SRC="../gisbrowser/_img/ZVV/HstTyp4.gif" ALT="S-Bahn Haltestelle">,4,,110,1,Bahn,S10,2680779,1246541
8591249,1539,,,"Zürich, Lerchenhalde",Zürich,Bus,&nbsp;,0,,110,2,Bus,"37,80",2680848,1251754
8591226,1379,,,"Zürich, Kempfhofsteig",Zürich,"Bus,Trolleybus",&nbsp;,0,,110,2,Bus,"46,N8",2680868,1250179
8591398,718,,,"Zürich, Toni-Areal",Zürich,Tram,&nbsp;,2,,110,5,Tram,4,2680943,1249370
8591195,1272,,,"Zürich, Höfliweg",Zürich,Trolleybus,&nbsp;,0,,110,2,Bus,32,2680996,1246857
8591385,2596,,,"Zürich, Strassenverkehrsamt",Zürich,"Bus,Tram,Trolleybus",&nbsp;,2,,110,3,Bus Tram,"10,13,32,89,N5",2681045,1245254
8591391,3453,,,"Zürich, Technopark",Zürich,Tram,&nbsp;,2,,110,5,Tram,4,2681295,1249250
8591047,114,,,"Zürich, Aubrücke",Zürich,Bus,&nbsp;,0,,110,2,Bus,"61,62,79,94,787,N11,N78",2685547,1251736
8591232,1425,,,"Zürich, Klosterweg",Zürich,,&nbsp;,0,,,99,,,2685764,1248759
8591340,2251,,,"Zürich, Schlyfi",Zürich,"Bus,Trolleybus",&nbsp;,0,,110,2,Bus,"31,N16,N19",2685777,1246370
8530811,421,,,"Zürich, Balgrist",Zürich,"S-Bahn,Tram",<IMG SRC="../gisbrowser/_img/ZVV/HstTyp4.gif" ALT="S-Bahn Haltestelle">,4,,110,8,Bahn Tram,"11,S18,SN18",2685855,1245484
8591181,1139,,,"Zürich, Heerenwiesen",Zürich,"Bus,Tram",&nbsp;,2,,110,3,Bus Tram,"9,N11",2685874,1251055
8591271,1620,,,"Zürich, Mattenhof",Zürich,"Bus,Tram",&nbsp;,2,,110,3,Bus Tram,"7,N11",2686985,1250396
8587652,88,,,"Zürich, Altried",Zürich,"Bus,Tram",&nbsp;,2,,110,3,Bus Tram,"9,94,759,787,N11,N78",2686987,1251190
8503147,12575,,,Stettbach,Zürich,S-Bahn,<IMG SRC="../gisbrowser/_img/ZVV/HstTyp4.gif" ALT="S-Bahn Haltestelle">,4,,110,1,Bahn,"SN1,S3,S9,SN9,S11,S12",2687374,1250219
8591824,493,,,"Zürich, Binz",Zürich,Bus,&nbsp;,0,,110,2,Bus,"76,N5",2681560,1246352
8591350,2298,,,"Zürich, Schwandenholz",Zürich,Bus,&nbsp;,0,,110,2,Bus,"62,N1",2681645,1253124
8503093,11612,,,Zürich Manegg,Zürich,S-Bahn,<IMG SRC="../gisbrowser/_img/ZVV/HstTyp4.gif" ALT="S-Bahn Haltestelle">,4,,110,1,Bahn,"S4,SN4",2681700,1243608
8591268,1612,,,"Zürich, Manegg",Zürich,Bus,&nbsp;,0,,110,2,Bus,"70,N12",2681753,1243464
8591366,2771,,,"Zürich, Sihlcity Nord",Zürich,"Bus,Tram,Trolleybus",&nbsp;,2,,110,3,Bus Tram,"5,10,13,72,200,210,N12",2681920,1246034
8591306,2014,,,"Zürich, Quellenstrasse",Zürich,"Bus,Tram",&nbsp;,2,,110,3,Bus Tram,"4,6,13,N1,N4,N5,N7,N13",2682311,1249006
8591290,1744,,,"Zürich, Nordheimstrasse",Zürich,Bus,&nbsp;,0,,110,2,Bus,40,2682418,1250876
8591388,2612,,,"Zürich, Sunnau",Zürich,Bus,&nbsp;,0,,110,2,Bus,"184,185,N12",2682468,1242375
8591279,1660,,,"Zürich, Morgental",Zürich,"Bus,Tram,Trolleybus",&nbsp;,2,,110,3,Bus Tram,"7,66,70,72,184,185,N12",2682482,1244250
8591257,1557,,,"Zürich, Limmatplatz",Zürich,"Bus,Tram,Trolleybus",&nbsp;,2,,110,3,Bus Tram,"4,6,13,32,N1,N4,N5,N7,N13",2682531,1248771
8503090,12551,,,Zürich Selnau,Zürich,S-Bahn,<IMG SRC="../gisbrowser/_img/ZVV/HstTyp4.gif" ALT="S-Bahn Haltestelle">,4,,110,1,Bahn,"S4,SN4,S10",2682551,1247379
8591100,547,,,"Zürich, Brunaustrasse",Zürich,"Bus,Tram",&nbsp;,2,,110,3,Bus Tram,"7,N15",2682620,1245607
8503009,13044,,,Zürich Wollishofen,Zürich,S-Bahn,<IMG SRC="../gisbrowser/_img/ZVV/HstTyp4.gif" ALT="S-Bahn Haltestelle">,4,,110,1,Bahn,"S8,SN8,S24",2682756,1244676
8503044,13035,,,Zürich HB Sihlpost,Zürich,,&nbsp;,0,,,99,,,2682831,1248060
8591384,2582,,,"Zürich, Stockerstrasse",Zürich,Tram,&nbsp;,2,,110,5,Tram,"7,8,10,13",2682843,1246915
8587347,2109,,,"Zürich, Rote Fabrik",Zürich,Bus,&nbsp;,0,,110,2,Bus,"161,165,N15",2682935,1244129
8591262,1608,,,"Zürich, Löwenplatz",Zürich,"Tram,Trolleybus",&nbsp;,2,,110,3,Bus Tram,"3,14,31",2682983,1247811
8591299,1861,,,"Zürich, Paradeplatz",Zürich,"Bus,Tram",&nbsp;,2,,110,3,Bus Tram,"2,7,8,9,10,11,13,N1,N4,N6,N14",2683104,1247126
8591168,1061,,,"Zürich, Guggachstrasse",Zürich,Tram,&nbsp;,2,,110,5,Tram,"7,14",2683157,1250015
8591324,2128,,,"Zürich, Röslistrasse",Zürich,"Bus,Tram",&nbsp;,2,,110,3,Bus Tram,"7,15,N6",2683195,1249232
8503447,2585,,,"Zürich Storchen, Schiffst.",Zürich,Schiff,<IMG SRC="../gisbrowser/_img/ZVV/HstTyp1.gif" ALT="Schiffsstation">,1,,110,4,Schiff,3734,2683333,1247286
8591378,2461,,,"Zürich, Stadtgrenze",Zürich,Bus,&nbsp;,0,,110,2,Bus,"161,165,N15",2683352,1243272
8591207,1303,,,"Zürich, Im Ebnet",Zürich,Bus,&nbsp;,0,,110,2,Bus,"742,N6",2683372,1253998
8588078,619,,,"Zürich, Central",Zürich,"Bus,Tram,Trolleybus",&nbsp;,2,,110,3,Bus Tram,"3,4,6,7,10,15,31,46,N2,N5,N6,N7,N8,N13",2683475,1247918
8591255,1550,,,"Zürich, Letzistrasse",Zürich,"Bus,Tram",&nbsp;,2,,110,3,Bus Tram,"9,10,39,N11",2683569,1249462
8591362,2367,,,"Zürich, Seilbahn Rigiblick",Zürich,"Bus,Standseilbahn,Tram,Trolleybus",&nbsp;,2,,110,10,Bergbahn Bus Tram,"9,10,23,33,N11",2683788,1248950
8591336,2314,,,"Zürich, Schäppiweg",Zürich,Bus,&nbsp;,0,,110,2,Bus,39,2683978,1249363
8591319,2069,,,"Zürich, Riedgraben",Zürich,Bus,&nbsp;,0,,110,2,Bus,"61,62,94,N11",2684543,1251713
8591152,908,,,"Zürich, Frohburg",Zürich,Bus,&nbsp;,0,,110,2,Bus,"75,N11",2684824,1250979
8591185,1160,,,"Zürich, Herbstweg",Zürich,Bus,&nbsp;,0,,110,2,Bus,"61,62,N11",2684996,1251501
8591394,2667,,,"Zürich, Titlisstrasse",Zürich,Zahnradbahn,&nbsp;,0,,110,6,Bergbahn,25,2685064,1247287
8591198,3470,,,"Zürich, Hölderlinsteig",Zürich,Trolleybus,&nbsp;,0,,110,2,Bus,33,2685074,1246831
8591136,872,,,"Zürich, Frankental",Zürich,"Bus,Tram",&nbsp;,2,,110,3,Bus Tram,"13,89,304,308,485,N4",2678725,1251040
8591428,2872,,,"Zürich, Werdhölzli",Zürich,"Bus,Tram",&nbsp;,2,,110,3,Bus Tram,"6,307",2678766,1250191
8591068,592,,,"Zürich, Bändliweg",Zürich,"Bus,Tram",&nbsp;,2,,110,3,Bus Tram,"6,78,307",2678994,1250030
8591436,6015,,,"Zürich, Winzerstrasse Süd",Zürich,Bus,&nbsp;,0,,110,2,Bus,"80,89,304,308",2679068,1250811
8573711,3156,,,"Zürich, Sädlenweg",Zürich,Bus,&nbsp;,0,,110,2,Bus,"215,220,235,236,245,350",2679222,1246853
8591163,1007,,,"Zürich, Goldackerweg",Zürich,Bus,&nbsp;,0,,110,2,Bus,80,2679251,1247313
8503001,13022,,,Zürich Altstetten,Zürich,S-Bahn,<IMG SRC="../gisbrowser/_img/ZVV/HstTyp4.gif" ALT="S-Bahn Haltestelle">,4,,110,1,Bahn,"SN1,S5,SN5,S11,S12,S14,S19,S42",2679309,1249511
8591143,895,,,"Zürich, Friedhof Hönggerberg",Zürich,Bus,&nbsp;,0,,110,2,Bus,38,2679664,1251438
8591402,2707,,,"Zürich, Tüffenwies",Zürich,"Bus,Tram",&nbsp;,2,,110,3,Bus Tram,"6,80,89,304,308,485",2679724,1250214
8591265,1592,,,"Zürich, Letzibach",Zürich,"Bus,Trolleybus",&nbsp;,0,,110,2,Bus,"31,83,N2",2679735,1249231
8591441,2998,,,"Zürich, Zielweg",Zürich,Bus,&nbsp;,0,,110,2,Bus,73,2680000,1245870
8580912,2160,,,"Zürich, Schaufelbergerstrasse",Zürich,"Bus,Tram",&nbsp;,2,,110,3,Bus Tram,"9,14,89,215,220,235,236,245,350,N5",2680301,1246994
8591033,7,,,"Zürich, Aargauerstrasse",Zürich,Tram,&nbsp;,2,,110,5,Tram,4,2680319,1249583
8591213,1316,,,"Zürich, Im Wingert",Zürich,Bus,&nbsp;,0,,110,2,Bus,69,2680785,1250618
8591153,914,,,"Zürich, Fronwald",Zürich,Bus,&nbsp;,0,,110,2,Bus,"62,N1",2680845,1252902
8591038,48,,,"Zürich, Albisriederplatz",Zürich,"Bus,Tram,Trolleybus",&nbsp;,2,,110,3,Bus Tram,"2,3,33,72,83,N5,N14",2680938,1248039
8591448,3019,,,"Zürich, Zypressenstrasse",Zürich,"Bus,Tram",&nbsp;,2,,110,3,Bus Tram,"2,3,N14",2681195,1247873
8591270,1615,,,"Zürich, Marbachweg",Zürich,Bus,&nbsp;,0,,110,2,Bus,"70,N12",2681387,1242723
8591060,3029,,,"Zürich, Bahnhof Hardbrücke",Zürich,"Bus,Tram,Trolleybus",&nbsp;,2,,110,3,Bus Tram,"8,33,72,83,N5,N8",2681433,1248823
8591349,2294,,,"Zürich, Schwamendingerplatz",Zürich,"Bus,Tram",&nbsp;,2,,110,3,Bus Tram,"7,9,61,62,75,79,N11",2685539,1251037
8591188,1179,,,"Zürich, Herzogenmühlestrasse",Zürich,Bus,&nbsp;,0,,110,2,Bus,"61,62,79,N11",2685596,1251364
8591360,3767,,,"Zürich, Segeten",Zürich,Bus,&nbsp;,0,,110,2,Bus,91,2687310,1245632
8591162,3444,,,"Zürich, Glockenacker",Zürich,Bus,&nbsp;,0,,110,2,Bus,"701,703,704,N16,N19",2687650,1246213
8591302,1441,,,"Zürich, Pflegezentr. Käferberg",Zürich,Bus,&nbsp;,0,,110,2,Bus,"38,69",2681457,1250430
8591329,2550,,,"Zürich, Saalsporthalle",Zürich,"Bus,Tram",&nbsp;,2,,110,3,Bus Tram,"5,10,13,89,200,210,444,445",2681725,1245787
8591269,1614,,,"Zürich, Manesseplatz",Zürich,"Bus,Trolleybus",&nbsp;,0,,110,2,Bus,"72,76,N5",2681806,1246639
8580522,799,,,"Zürich, Escher-Wyss-Platz",Zürich,"Bus,Tram,Trolleybus",&nbsp;,2,,110,3,Bus Tram,"4,6,8,13,33,72,83,N1,N4,N5,N7,N8,N13",2681874,1249415
8591052,1234,,,"Zürich, Bäckeranlage",Zürich,"Bus,Tram,Trolleybus",&nbsp;,2,,110,3,Bus Tram,"8,31,N2,N8",2681896,1248103
8591227,1386,,,"Zürich, Kernstrasse",Zürich,Trolleybus,&nbsp;,0,,110,2,Bus,32,2681991,1247641
8591285,1705,,,"Zürich, Neuaffoltern",Zürich,"Bus,Trolleybus",&nbsp;,0,,110,2,Bus,"32,61,62,N1",2681991,1251793
8591204,1288,,,"Zürich, Hügelstrasse",Zürich,"Bus,Trolleybus",&nbsp;,0,,110,2,Bus,"66,72",2682222,1245869
8507183,7039,,,"Zürich, Kantonsschule Enge",Zürich,Bus,&nbsp;,0,,110,2,Bus,66,2682252,1246503
8591392,2659,,,"Zürich, Thujastrasse",Zürich,"Bus,Trolleybus",&nbsp;,0,,110,2,Bus,"66,72,N12",2682296,1244941
8503010,13026,,,Zürich Enge,Zürich,S-Bahn,<IMG SRC="../gisbrowser/_img/ZVV/HstTyp4.gif" ALT="S-Bahn Haltestelle">,4,,110,1,Bahn,"S2,S8,SN8,S24",2682489,1246493
8585407,6700,,,"Zürich, Bhf Enge Pausenplatz",Zürich,,&nbsp;,0,,,99,,,2682541,1246670
8591283,1666,,,"Zürich, Museum Rietberg",Zürich,"Bus,Tram",&nbsp;,2,,110,3,Bus Tram,"7,N15",2682563,1246116
8591064,2551,,,"Zürich, Bahnhof Selnau",Zürich,Tram,&nbsp;,2,,110,5,Tram,8,2682582,1247223
8591251,1547,,,"Zürich, Lettenstrasse",Zürich,Trolleybus,&nbsp;,0,,110,2,Bus,46,2682606,1249436
8591292,1753,,,"Zürich, Nürenbergstrasse",Zürich,Trolleybus,&nbsp;,0,,110,2,Bus,33,2682656,1249624
8591430,2889,,,"Zürich, Widmerstrasse",Zürich,Bus,&nbsp;,0,,110,2,Bus,66,2682701,1243456
8502495,7022,,,"Zürich, Bahnhof Wollishofen",Zürich,Bus,&nbsp;,0,,110,2,Bus,"70,184,185",2682715,1244718
8591352,3477,,,"Zürich, Schweizer Rück",Zürich,Bus,&nbsp;,0,,110,2,Bus,"161,165,N15",2682859,1246017
8591314,2045,,,"Zürich, Regensbergbrücke",Zürich,"Bus,Tram",&nbsp;,2,,110,3,Bus Tram,"11,61,62",2683071,1251472
8591224,1483,,,"Zürich, Käshaldenstrasse",Zürich,Bus,&nbsp;,0,,110,2,Bus,"75,N6",2683170,1253823
8503446,3031,,,"Zürich Landesmuseum, Schiffst.",Zürich,Schiff,<IMG SRC="../gisbrowser/_img/ZVV/HstTyp1.gif" ALT="Schiffsstation">,1,,110,4,Schiff,3734,2683288,1248172
8591298,1856,,,"Zürich, Ottikerstrasse",Zürich,"Bus,Tram",&nbsp;,2,,110,3,Bus Tram,"7,15,N6",2683345,1248848
8591327,2113,,,"Zürich, Rudolf-Brun-Brücke",Zürich,Tram,&nbsp;,2,,110,5,Tram,"4,15",2683401,1247599
8503006,13034,,,Zürich Oerlikon,Zürich,S-Bahn,<IMG SRC="../gisbrowser/_img/ZVV/HstTyp4.gif" ALT="S-Bahn Haltestelle">,4,,110,1,Bahn,"S2,S3,S6,SN6,S7,SN7,S8,SN8,S9,SN9,S14,S15,S16,S19,S21,S24",2683453,1251820
8591406,1334,,,"Zürich, Universität Irchel",Zürich,"Bus,Tram",&nbsp;,2,,110,3,Bus Tram,"9,10,39",2683510,1250070
8591127,845,,,"Zürich, Felsenrainstrasse",Zürich,"Bus,Tram",&nbsp;,2,,110,3,Bus Tram,"14,768,N6,N7",2683519,1252357
8505333,7055,,,"Zürich Bellevue, Schiffstation",Zürich,Schiff,<IMG SRC="../gisbrowser/_img/ZVV/HstTyp1.gif" ALT="Schiffsstation">,1,,110,4,Schiff,,2683527,1246727
8591073,465,,,"Zürich, Berninaplatz",Zürich,"Bus,Tram",&nbsp;,2,,110,3,Bus Tram,"10,14,N6",2683737,1250915
8591048,128,,,"Zürich, Ausserdorfstrasse",Zürich,Bus,&nbsp;,0,,110,2,Bus,"75,742,N6",2683747,1253226
8591393,2666,,,"Zürich, Tierspital",Zürich,"Bus,Tram",&nbsp;,2,,110,3,Bus Tram,"7,9,N11",2684027,1250716
8591294,6459,,,"Zürich, Oerlikerhus",Zürich,Tram,&nbsp;,2,,110,5,Tram,"10,11",2684184,1252462
8503653,3046,,,"Zürichhorn, Schiffstation",Zürich,Schiff,<IMG SRC="../gisbrowser/_img/ZVV/HstTyp1.gif" ALT="Schiffsstation">,1,,110,4,Schiff,"3730,3732,3734",2684211,1245166
8591202,1251,,,"Zürich, Hottingerplatz",Zürich,"Bus,Tram",&nbsp;,2,,110,3,Bus Tram,"3,N16,N19",2684277,1247110
8591377,2452,,,"Zürich, Spyristeig",Zürich,Bus,&nbsp;,0,,110,2,Bus,39,2684384,1248981
8591119,788,,,"Zürich, Englischviertelstrasse",Zürich,Tram,&nbsp;,2,,110,5,Tram,8,2684564,1246813
8591238,1471,,,"Zürich, Krönleinstrasse",Zürich,Bus,&nbsp;,0,,110,2,Bus,39,2684752,1248757
8505332,7056,,,"Zürich Tiefenbrunnen, Schiff",Zürich,,&nbsp;,0,,110,99,,,2684761,1244937
8591199,1278,,,"Zürich, Hölderlinstrasse",Zürich,"Bus,Tram",&nbsp;,2,,110,3,Bus Tram,"3,8,N16,N19",2684883,1246749
8591413,3588,,,"Zürich, Vulkanstrasse",Zürich,Bus,&nbsp;,0,,110,2,Bus,307,2678927,1249806
8591435,2935,,,"Zürich, Winzerstrasse",Zürich,"Bus,Tram",&nbsp;,2,,110,3,Bus Tram,"13,80,N4",2679086,1250855
8591097,542,,,"Zürich, Bristenstrasse",Zürich,Bus,&nbsp;,0,,110,2,Bus,"78,80,83,89",2679158,1249334
8591070,427,,,"Zürich, Baslerstrasse",Zürich,Bus,&nbsp;,0,,110,2,Bus,"83,89",2679393,1249191
8591344,3155,,,"Zürich, Schulhaus Altweg",Zürich,"Bus,Trolleybus",&nbsp;,0,,110,2,Bus,"33,N14",2679724,1247362
8591896,6648,,,"Zürich, Würzgraben",Zürich,Tram,&nbsp;,2,,110,5,Tram,4,2679743,1249566
8591275,1641,,,"Zürich, Michelstrasse",Zürich,Bus,&nbsp;,0,,110,2,Bus,38,2679779,1251149
8591331,2147,,,"Zürich, Sackzelg",Zürich,"Bus,Trolleybus",&nbsp;,0,,110,2,Bus,"33,67,N14",2679820,1247598
8591200,1239,,,"Zürich, Holzerhurd",Zürich,"Bus,Trolleybus",&nbsp;,0,,110,2,Bus,"32,N1",2679829,1253093
8591253,3148,,,"Zürich, Letzipark",Zürich,"Bus,Trolleybus",&nbsp;,0,,110,2,Bus,"31,N2",2680079,1249090
8591146,898,,,"Zürich, Friedhof Uetliberg",Zürich,Bus,&nbsp;,0,,110,2,Bus,73,2680228,1245860
8591178,2447,,,"Zürich, Hardturm",Zürich,"Bus,Tram",&nbsp;,2,,110,3,Bus Tram,"6,8,N13",2680469,1249806
8591190,1187,,,"Zürich, Heuried",Zürich,"Bus,Tram",&nbsp;,2,,110,3,Bus Tram,"9,14,N5",2680646,1247056
8591122,735,,,"Zürich, ETH Hönggerberg",Zürich,Bus,&nbsp;,0,,110,2,Bus,"37,69,80,N8",2680689,1251423
8591209,1307,,,"Zürich, Im Hagacker",Zürich,"Bus,Trolleybus",&nbsp;,0,,110,2,Bus,"32,89,N5",2680764,1245930
8591186,1162,,,"Zürich, Herdernstrasse",Zürich,"Bus,Trolleybus",&nbsp;,0,,110,2,Bus,"31,N2",2680835,1248773
8591405,2722,,,"Zürich, Uetlihof",Zürich,"Bus,Tram",&nbsp;,2,,110,3,Bus Tram,"10,13,89,N5",2681240,1245655
8591312,2035,,,"Zürich, Rebbergsteig",Zürich,"Bus,Trolleybus",&nbsp;,0,,110,2,Bus,"46,N8",2681250,1250135
8591308,2120,,,"Zürich, Räffelstrasse",Zürich,Bus,&nbsp;,0,,110,2,Bus,76,2681284,1246324
8591370,2398,,,"Zürich, Sihlweidstrasse",Zürich,Bus,&nbsp;,0,,110,2,Bus,"70,N12",2681339,1242285
8591135,927,,,"Zürich, Förrlibuckstrasse",Zürich,"Bus,Tram",&nbsp;,2,,110,3,Bus Tram,"6,8,N13",2681427,1249602
8591403,2688,,,"Zürich, Tulpenstrasse",Zürich,Bus,&nbsp;,0,,110,2,Bus,"61,62,N11",2685283,1251203
8591389,2618,,,"Zürich, Susenbergstrasse",Zürich,"Bus,Tram",&nbsp;,2,,110,3,Bus Tram,"6,N17",2685288,1248136
8591421,2815,,,"Zürich, Waldhaus Dolder",Zürich,Zahnradbahn,&nbsp;,0,,110,6,Bergbahn,25,2685332,1247542
8591442,3005,,,"Zürich, Zoo",Zürich,"Bus,Tram",&nbsp;,2,,110,3,Bus Tram,"6,39,N17",2685551,1248477
8503084,459,,,"Zürich, Bergstation Dolderbahn",Zürich,Zahnradbahn,&nbsp;,0,,110,6,Bergbahn,25,2685802,1247551
8591159,998,,,"Zürich, Glattwiesen",Zürich,"Bus,Tram",&nbsp;,2,,110,3,Bus Tram,"7,N11",2686289,1250715
8591438,3773,,,"Zürich, Buchzelgstrasse",Zürich,Bus,&nbsp;,0,,110,2,Bus,91,2686621,1246003
8591396,2671,,,"Zürich, Tobelhof",Zürich,Bus,&nbsp;,0,,110,2,Bus,"751,N17",2686638,1248661
8591305,2008,,,"Zürich, Probstei",Zürich,"Bus,Tram",&nbsp;,2,,110,3,Bus Tram,"7,N11",2686656,1250567
8503094,12547,,,Zürich Leimbach,Zürich,S-Bahn,<IMG SRC="../gisbrowser/_img/ZVV/HstTyp4.gif" ALT="S-Bahn Haltestelle">,4,,110,1,Bahn,"S4,SN4",2681659,1243067
8591206,1292,,,"Zürich, Hürstholz",Zürich,Bus,&nbsp;,0,,110,2,Bus,40,2681820,1252351
8503087,12550,,,Zürich Saalsporthalle,Zürich,S-Bahn,<IMG SRC="../gisbrowser/_img/ZVV/HstTyp4.gif" ALT="S-Bahn Haltestelle">,4,,110,1,Bahn,"S4,SN4",2681864,1245725
8591437,2937,,,"Zürich, Wipkingerplatz",Zürich,"Bus,Tram",&nbsp;,2,,110,3,Bus Tram,"13,N4",2681911,1249651
8591079,478,,,"Zürich, Bezirksgebäude",Zürich,"Bus,Tram",&nbsp;,2,,110,3,Bus Tram,"2,3,N14",2682089,1247605
8591184,1158,,,"Zürich, Helvetiaplatz",Zürich,"Tram,Trolleybus",&nbsp;,2,,110,3,Bus Tram,"8,32",2682099,1247845
8591277,1644,,,"Zürich, Militär-/Langstrasse",Zürich,"Bus,Trolleybus",&nbsp;,0,,110,2,Bus,"31,32,N2,N8",2682237,1248211
8503015,13043,,,Zürich Wipkingen,Zürich,S-Bahn,<IMG SRC="../gisbrowser/_img/ZVV/HstTyp4.gif" ALT="S-Bahn Haltestelle">,4,,110,1,Bahn,S24,2682335,1249614
8591322,2127,,,"Zürich, Röntgenstrasse",Zürich,Trolleybus,&nbsp;,0,,110,2,Bus,32,2682357,1248472
8591066,3043,,,"Zürich, Bahnhof Wipkingen",Zürich,Trolleybus,&nbsp;,0,,110,2,Bus,"33,46",2682379,1249744
8591086,498,,,"Zürich, Birchdörfli",Zürich,"Bus,Trolleybus",&nbsp;,0,,110,2,Bus,"32,N1",2682418,1251320
8591219,1358,,,"Zürich, Kanonengasse",Zürich,"Bus,Trolleybus",&nbsp;,0,,110,2,Bus,"31,N2,N8",2682441,1248088
8591267,3788,,,"Zürich, Maillartstrasse",Zürich,Bus,&nbsp;,0,,110,2,Bus,64,2682518,1252285
8591101,564,,,"Zürich, Bucheggplatz",Zürich,"Bus,Tram,Trolleybus",&nbsp;,2,,110,3,Bus Tram,"11,15,32,40,69,72,83,N1,N7",2682635,1250304
8591081,3044,,,"Zch, Bhf.Wollishofen/Staubstr.",Zürich,"Bus,Tram",&nbsp;,2,,110,3,Bus Tram,"7,70,184,185,N15",2682687,1244596
8591307,2017,,,"Zürich, Radiostudio",Zürich,"Bus,Tram,Trolleybus",&nbsp;,2,,110,3,Bus Tram,"11,32,40,N1,N7",2682773,1250707
8591387,3522,,,"Zürich, Sukkulentensammlung",Zürich,Bus,&nbsp;,0,,110,2,Bus,"161,165,N15",2682779,1245475
8591088,3449,,,"Zürich, Birchstrasse",Zürich,Bus,&nbsp;,0,,110,2,Bus,80,2682806,1251938
8591291,1745,,,"Zürich, Nordstrasse",Zürich,Trolleybus,&nbsp;,0,,110,2,Bus,"32,46",2682868,1249190
8591246,1522,,,"Zürich, Laubiweg",Zürich,Tram,&nbsp;,2,,110,5,Tram,"11,15",2682871,1249931
8591289,3804,,,"Zürich, Neunbrunnen",Zürich,Bus,&nbsp;,0,,110,2,Bus,"64,75,N6",2682980,1252334
8591368,2395,,,"Zürich, Sihlquai/HB",Zürich,"Bus,Tram",&nbsp;,2,,110,3,Bus Tram,"4,6,13,N1,N4,N5,N7,N13",2682990,1248252
8591357,2834,,,"Zürich, Seerose",Zürich,Bus,&nbsp;,0,,110,2,Bus,"161,165,N15",2683094,1243699
8591067,416,,,"Zürich, Bahnhofstrasse/HB",Zürich,"Bus,Tram",&nbsp;,2,,110,3,Bus Tram,"7,10,11,13,N1,N4,N6",2683135,1247848
8591272,3764,,,"Zürich, Max-Bill-Platz",Zürich,Bus,&nbsp;,0,,110,2,Bus,"64,75,80,N6,N7",2683218,1252055
8530822,6453,,,"Zürich Limmatquai, Schiffst.",Zürich,Schiff,<IMG SRC="../gisbrowser/_img/ZVV/HstTyp1.gif" ALT="Schiffsstation">,1,,110,4,Schiff,3734,2683379,1247501
8591174,1100,,,"Zürich, Haldenegg",Zürich,"Bus,Tram",&nbsp;,2,,110,3,Bus Tram,"6,7,10,15,N6",2683505,1248226
8576193,440,,,"Zürich, Bellevue",Zürich,"Bus,Tram",&nbsp;,2,,110,3,Bus Tram,"2,4,5,8,9,11,15,912,916,N1,N2,N4,N5,N6,N7,N8,N11,N12,N13,N14,N15,N16,N17,N18,N19",2683575,1246839
8591355,1275,,,"Zürich, Seebacherplatz",Zürich,"Bus,Tram",&nbsp;,2,,110,3,Bus Tram,"14,40,75,768,N6,N7",2683738,1252713
8576195,1845,,,"Zürich, Opernhaus",Zürich,"Bus,Tram",&nbsp;,2,,110,3,Bus Tram,"2,4,912,916,N18",2683761,1246666
8591332,2151,,,"Zürich, Salersteig",Zürich,"Bus,Tram",&nbsp;,2,,110,3,Bus Tram,"10,14,N6",2683770,1251177
8591433,2924,,,"Zürich, Winkelriedstrasse",Zürich,"Bus,Tram",&nbsp;,2,,110,3,Bus Tram,"9,10,N11",2683786,1248632
8591354,2346,,,"Zürich, Seebach",Zürich,"Bus,Tram",&nbsp;,2,,110,3,Bus Tram,"14,40,75,742,768,N6,N7",2683843,1252933
8576194,769,,,"Zürich, Elektrowatt",Zürich,Bus,&nbsp;,0,,110,2,Bus,"912,916",2683992,1245766
8576197,832,,,"Zürich, Feldeggstrasse",Zürich,"Bus,Tram",&nbsp;,2,,110,3,Bus Tram,"2,4,912,916,N18",2684126,1246107
8591303,1889,,,"Zürich, Platte",Zürich,"Bus,Tram",&nbsp;,2,,110,3,Bus Tram,"5,6,N17",2684133,1247727
8591412,2788,,,"Zürich, Voltastrasse",Zürich,"Bus,Tram",&nbsp;,2,,110,3,Bus Tram,"5,6,N17",2684272,1247936
8591078,471,,,"Zürich, Bethanien",Zürich,Trolleybus,&nbsp;,0,,110,2,Bus,33,2684377,1248387
8576199,917,,,"Zürich, Fröhlichstrasse",Zürich,"Bus,Tram,Trolleybus",&nbsp;,2,,110,3,Bus Tram,"2,4,33,912,916,N18",2684486,1245526
8591189,1186,,,"Zürich, Heubeeriweg",Zürich,Bus,&nbsp;,0,,110,2,Bus,39,2685036,1248472
8591087,3445,,,"Zürich, Bircher-Benner",Zürich,Bus,&nbsp;,0,,110,2,Bus,751,2685050,1247821
8591180,1138,,,"Zürich, Hedwigsteig",Zürich,Tram,&nbsp;,2,,110,5,Tram,11,2685092,1246119
8591260,1581,,,"Zürich, Loogarten",Zürich,Bus,&nbsp;,0,,110,2,Bus,35,2678047,1249247
8591215,3153,,,"Zürich, Juchhof",Zürich,Bus,&nbsp;,0,,110,2,Bus,307,2678097,1250236
8591361,2366,,,"Zürich, Seidelhof",Zürich,Bus,&nbsp;,0,,,2,Bus,N2,2678903,1249536
8591037,3705,,,"Zürich, Albisriederdörfli",Zürich,Bus,&nbsp;,0,,110,2,Bus,"67,80,N13",2679041,1247691
8591167,1041,,,"Zürich, Grünaustrasse",Zürich,"Bus,Tram",&nbsp;,2,,110,3,Bus Tram,"6,78,N13",2679313,1249909
8591165,1026,,,"Zürich, Grimselstrasse",Zürich,Tram,&nbsp;,2,,110,5,Tram,2,2679391,1248991
8591371,2402,,,"Zürich, Singlistrasse",Zürich,"Bus,Trolleybus",&nbsp;,0,,110,2,Bus,"46,N4",2679621,1251012
8591281,6628,,,"Zürich, Mühlacker",Zürich,Bus,&nbsp;,0,,110,2,Bus,61,2679806,1253358
8591138,883,,,"Zürich, Freihofstrasse",Zürich,Tram,&nbsp;,2,,110,5,Tram,2,2680098,1248585
8576263,1259,,,"Zürich, Hungerbergstrasse",Zürich,"Bus,Trolleybus",&nbsp;,0,,110,2,Bus,"32,491,N1",2680203,1252797
8591243,1503,,,"Zürich, Langgrütstrasse",Zürich,Bus,&nbsp;,0,,110,2,Bus,67,2680240,1247532
8591250,3457,,,"Zürich, Lerchenrain",Zürich,Bus,&nbsp;,0,,110,2,Bus,37,2680815,1252049
8591145,897,,,"Zürich, Friedhof Sihlfeld",Zürich,Trolleybus,&nbsp;,0,,110,2,Bus,72,2680979,1247786
8591121,800,,,"Zürich, Eschergutweg",Zürich,"Bus,Tram",&nbsp;,2,,110,3,Bus Tram,"13,N4",2681035,1250048
8591083,489,,,"Zürich, Grubenstrasse",Zürich,,&nbsp;,0,,110,99,,,2681058,1246331
8591346,2289,,,"Zürich, Schumacherweg",Zürich,Bus,&nbsp;,0,,110,2,Bus,80,2681203,1251823
8591148,901,,,"Zürich, Friedrichstrasse",Zürich,Bus,&nbsp;,0,,110,2,Bus,"75,N11",2685327,1250961
8591142,894,,,"Zürich, Friedhof Enzenbühl",Zürich,Tram,&nbsp;,2,,110,5,Tram,11,2686259,1245085
8591261,1584,,,"Zürich, Loorenstrasse",Zürich,"Bus,Trolleybus",&nbsp;,0,,110,2,Bus,"31,701,703,704,N16,N19",2687321,1246089
8591065,2575,,,"Zürich, Bahnhof Stettbach",Zürich,"Bus,Tram",&nbsp;,2,,110,3,Bus Tram,"7,12,743,744,745,751,752,754,760,N11,N17",2687381,1250250
8591399,3769,,,"Zürich, Trichtenhausenfussweg",Zürich,Bus,&nbsp;,0,,110,2,Bus,91,2687638,1245464
8591400,6416,,,"Zürich, Trichtisal",Zürich,Bus,&nbsp;,0,,110,2,Bus,91,2687825,1245435
8591160,1000,,,"Zürich, Glaubtenstrasse",Zürich,"Bus,Trolleybus",&nbsp;,0,,110,2,Bus,"32,40,61,62,80,N1",2681527,1252045
8591419,2803,,,"Zürich, Waidspital",Zürich,Bus,&nbsp;,0,,110,2,Bus,"38,69",2681760,1250380
8591218,1357,,,"Zürich,Kalkbreite/Bhf.Wiedikon",Zürich,"Bus,Tram,Trolleybus",&nbsp;,2,,110,3,Bus Tram,"2,3,32,N14",2681769,1247629
8591365,6463,,,"Zürich, Sihlcity",Zürich,Bus,&nbsp;,0,,110,2,Bus,"89,200,210,444,445",2681865,1245801
8591323,2104,,,"Zürich, Rosengartenstrasse",Zürich,"Bus,Trolleybus",&nbsp;,0,,110,2,Bus,"33,46,72,83,N1,N7,N8",2682051,1249846
8591280,3451,,,"Zürich, Mötteliweg",Zürich,Bus,&nbsp;,0,,110,2,Bus,80,2682096,1252029
8591266,1611,,,"Zürich, Maienweg",Zürich,Bus,&nbsp;,0,,110,2,Bus,40,2682100,1251350
8591410,2776,,,"Zürich, Verenastrasse",Zürich,Bus,&nbsp;,0,,110,2,Bus,"70,N12",2682127,1243898
8503086,12545,,,Zürich Brunau,Zürich,S-Bahn,<IMG SRC="../gisbrowser/_img/ZVV/HstTyp4.gif" ALT="S-Bahn Haltestelle">,4,,110,1,Bahn,"S4,SN4",2682181,1245112
8591098,546,,,"Zürich, Brunau/Mutschellenstr.",Zürich,"Bus,Trolleybus",&nbsp;,0,,110,2,Bus,"66,72",2682220,1245497
8591077,470,,,"Zürich, Besenrainstrasse",Zürich,Trolleybus,&nbsp;,0,,110,2,Bus,72,2682307,1244418
8591108,3450,,,"Zürich, Chaletweg",Zürich,Bus,&nbsp;,0,,110,2,Bus,80,2682456,1251969
8591439,2950,,,"Zürich, Wollishoferplatz",Zürich,"Bus,Tram",&nbsp;,2,,110,3,Bus Tram,"7,184,185,N12",2682492,1243638
8591293,1821,,,"Zürich, Oberwiesenstrasse",Zürich,Bus,&nbsp;,0,,110,2,Bus,"61,62",2682581,1251649
8591304,2005,,,"Zürich, Post Wollishofen",Zürich,"Bus,Tram",&nbsp;,2,,110,3,Bus Tram,"7,70,184,185",2682694,1244311
8591234,6304,,,"Zürich, Köschenrüti",Zürich,Bus,&nbsp;,0,,110,2,Bus,"75,N6",2682875,1253718
8591144,896,,,"Zürich, Friedhof Schwandenholz",Zürich,Bus,&nbsp;,0,,110,2,Bus,40,2682932,1252863
8591103,573,,,"Zürich, Buhnstrasse",Zürich,Bus,&nbsp;,0,,110,2,Bus,"40,75,N6",2683025,1252965
8591316,2054,,,"Zürich, Rennweg",Zürich,Tram,&nbsp;,2,,110,5,Tram,"7,10,11,13",2683051,1247500
8591379,2474,,,"Zürich, Stampfenbachplatz",Zürich,"Tram,Trolleybus",&nbsp;,2,,110,3,Bus Tram,"11,14,46",2683379,1248304
8503499,6217,,,"Zürich, Central Polybahn",Zürich,Standseilbahn,&nbsp;,0,,110,6,Bergbahn,24,2683484,1247884
8591063,3447,,,"Zürich, Bahnhof Oerlikon Ost",Zürich,"Bus,Tram",&nbsp;,2,,110,3,Bus Tram,"10,14,75,768,781,787,N6,N78",2683578,1251982
8594255,6776,,,"Zürich, Schanzackerstrasse",Zürich,Bus,&nbsp;,0,,110,2,Bus,39,2683713,1249613
8591123,736,,,"Zürich, ETH/Universitätsspital",Zürich,"Bus,Tram",&nbsp;,2,,110,3,Bus Tram,"6,9,10,N11",2683796,1247976
8503003,13039,,,Zürich Stadelhofen,Zürich,S-Bahn,<IMG SRC="../gisbrowser/_img/ZVV/HstTyp4.gif" ALT="S-Bahn Haltestelle">,4,,110,1,Bahn,"SN1,S3,S5,SN5,S6,SN6,S7,SN7,S9,SN9,S11,S12,S15,S16",2683846,1246801
8591171,1087,,,"Zürich, Hadlaubstrasse",Zürich,Standseilbahn,&nbsp;,0,,110,6,Bergbahn,23,2684015,1249036
8591375,2450,,,"Zürich, Sprecherstrasse",Zürich,Trolleybus,&nbsp;,0,,110,2,Bus,31,2684116,1246891
8591124,3446,,,"Zürich, Ettenfeld",Zürich,Bus,&nbsp;,0,,110,2,Bus,"768,N7",2684132,1253336
8591140,888,,,"Zürich, Friedackerstrasse",Zürich,Bus,&nbsp;,0,,110,2,Bus,75,2684148,1251161
8591192,1194,,,"Zürich, Hinterbergstrasse",Zürich,Trolleybus,&nbsp;,0,,110,2,Bus,33,2684270,1248296
8591318,2067,,,"Zürich, Riedbach",Zürich,Bus,&nbsp;,0,,110,2,Bus,"781,787,N78",2684506,1252126
8591364,2388,,,"Zürich, Signaustrasse",Zürich,"Tram,Trolleybus",&nbsp;,2,,110,3,Bus Tram,"11,31",2684528,1246423
8576200,2907,,,"Zürich, Wildbachstrasse",Zürich,"Bus,Tram,Trolleybus",&nbsp;,2,,110,3,Bus Tram,"2,4,33,912,916,N18",2684637,1245308
8591040,70,,,"Zürich, Altenhofstrasse",Zürich,Bus,&nbsp;,0,,110,2,Bus,77,2684827,1245546
8591231,3648,,,"Zürich, Klosbach",Zürich,Trolleybus,&nbsp;,0,,110,2,Bus,33,2685010,1247186
8591233,1430,,,"Zürich, Klusplatz",Zürich,"Bus,Tram,Trolleybus",&nbsp;,2,,110,3,Bus Tram,"3,8,31,33,701,703,704,N16,N19",2685186,1246519
8591274,1640,,,"Zürich, Micafil",Zürich,"Bus,Tram",&nbsp;,2,,110,3,Bus Tram,"2,N2",2678206,1249650
8591328,2140,,,"Zürich, Rütihof",Zürich,Trolleybus,&nbsp;,0,,110,2,Bus,46,2678395,1251951
8591311,2034,,,"Zürich, Rautistrasse",Zürich,Bus,&nbsp;,0,,110,2,Bus,"67,78,80,N13",2678944,1248583
8591036,47,,,"Zürich, Albisrieden",Zürich,"Bus,Tram",&nbsp;,2,,110,3,Bus Tram,"3,80,N13",2679010,1247587
8591197,1231,,,"Zürich, Hohenklingensteig",Zürich,Bus,&nbsp;,0,,110,2,Bus,"80,89,304,308",2679379,1250590
8591254,1549,,,"Zürich, Letzipark West",Zürich,Bus,&nbsp;,0,,110,2,Bus,"83,89",2679874,1248931
8591046,6627,,,"Zürich, Aspholz",Zürich,Bus,&nbsp;,0,,110,2,Bus,61,2680159,1253229
8591151,904,,,"Zürich, Friesenbergstrasse",Zürich,"Bus,Trolleybus",&nbsp;,0,,110,2,Bus,"32,73,89,N5",2680562,1246238
8591074,467,,,"Zürich, Bernoulli-Häuser",Zürich,"Bus,Tram",&nbsp;,2,,110,3,Bus Tram,"6,8,N13",2680787,1249766
8591045,3151,,,"Zürich, Appenzellerstrasse",Zürich,Bus,&nbsp;,0,,110,2,Bus,38,2680841,1250339
8591390,2638,,,"Zürich, Talwiesenstrasse",Zürich,"Bus,Tram",&nbsp;,2,,110,3,Bus Tram,"9,14,N5",2680894,1247119
8591182,1143,,,"Zürich, Hegianwandweg",Zürich,"Bus,Trolleybus",&nbsp;,0,,110,2,Bus,"32,89,N5",2680941,1245641
8591084,3714,,,"Zürich, Binz Center",Zürich,Bus,&nbsp;,0,,110,2,Bus,76,2681012,1246226
8591416,2799,,,"Zürich, Waidbadstrasse",Zürich,Bus,&nbsp;,0,,110,2,Bus,"38,69",2681144,1250350
8591210,1310,,,"Zürich, Im Hüsli",Zürich,Bus,&nbsp;,0,,110,2,Bus,"70,N12",2681188,1242485
8591177,1122,,,"Zürich, Hardplatz",Zürich,"Bus,Tram,Trolleybus",&nbsp;,2,,110,3,Bus Tram,"8,31,33,72,83,N2,N5,N8",2681244,1248502
8591132,859,,,"Zürich, Flobotstrasse",Zürich,Bus,&nbsp;,0,,110,2,Bus,39,2685287,1248363
8591104,580,,,"Zürich, Burgwies",Zürich,Tram,&nbsp;,2,,110,5,Tram,11,2685612,1245859
8591347,2329,,,"Zürich, Schürgistrasse",Zürich,Bus,&nbsp;,0,,110,2,Bus,"94,787,N78",2686114,1251517
8591263,1587,,,"Zürich, Luchswiesen",Zürich,"Bus,Tram",&nbsp;,2,,110,3,Bus Tram,"9,94,787,N11,N78",2686591,1251306
8591245,1519,,,"Zürich, Laubegg",Zürich,"Bus,Tram",&nbsp;,2,,110,3,Bus Tram,"5,10,13,89,N5",2681473,1245880
8591417,2800,,,"Zürich, Waidfussweg",Zürich,"Bus,Tram",&nbsp;,2,,110,3,Bus Tram,"13,N4",2681516,1249969
8591169,1076,,,"Zürich, Güterbahnhof",Zürich,"Bus,Tram,Trolleybus",&nbsp;,2,,110,3,Bus Tram,"8,31,N2,N8",2681658,1248282
8591414,6019,,,"Zürich, Waffenplatz-/Bederstr.",Zürich,"Bus,Trolleybus",&nbsp;,0,,110,2,Bus,"66,72",2682180,1246216
8591425,2858,,,"Zürich, Weihersteig",Zürich,Bus,&nbsp;,0,,110,2,Bus,69,2682287,1250246
8591216,1354,,,"Zürich, Jugendherberge",Zürich,"Bus,Trolleybus",&nbsp;,0,,110,2,Bus,"66,72,N12",2682317,1244689
8591381,2556,,,"Zürich, Stauffacher",Zürich,"Bus,Tram",&nbsp;,2,,110,3,Bus Tram,"2,3,8,9,14,N14",2682369,1247526
8591111,649,,,"Zürich, Dangelstrasse",Zürich,Bus,&nbsp;,0,,110,2,Bus,"184,185,N12",2682483,1243204
8591106,586,,,"Zürich, Butzenstrasse",Zürich,"Bus,Tram",&nbsp;,2,,110,3,Bus Tram,"7,70,184,185,N12",2682499,1243968
8591217,1356,,,"Zürich, Kalchbühlweg",Zürich,Bus,&nbsp;,0,,110,2,Bus,66,2682591,1243872
8591404,2689,,,"Zürich, Tunnelstrasse",Zürich,Tram,&nbsp;,2,,110,5,Tram,"7,10,13",2682628,1246720
8591383,6117,,,"Zürich, Stierenried",Zürich,Bus,&nbsp;,0,,110,2,Bus,64,2682772,1252335
8591317,2055,,,"Zürich, Rentenanstalt",Zürich,"Bus,Tram",&nbsp;,2,,110,3,Bus Tram,"5,161,165,N12,N15",2682822,1246416
8591342,2320,,,"Zürich, Schönauring",Zürich,Bus,&nbsp;,0,,110,2,Bus,"75,N6",2682831,1253390
8591286,1710,,,"Zürich, Neubühl",Zürich,Bus,&nbsp;,0,,110,2,Bus,66,2682862,1243030
8591092,3789,,,"Zürich, Bollingerweg",Zürich,Bus,&nbsp;,0,,110,2,Bus,"64,75,N6",2682959,1252078
8591237,1468,,,"Zürich, Kronenstrasse",Zürich,Tram,&nbsp;,2,,110,5,Tram,"11,14",2683106,1249166
8503651,3023,,,"Zürich Bürkliplatz, Schiffst.",Zürich,Schiff,<IMG SRC="../gisbrowser/_img/ZVV/HstTyp1.gif" ALT="Schiffsstation">,1,,110,4,Schiff,"3730,3732,3734",2683268,1246676
8591373,2411,,,"Zürich, Sonneggstrasse",Zürich,"Bus,Tram",&nbsp;,2,,110,3,Bus Tram,"7,15,N6",2683445,1248588
8591244,1507,,,"Zürich, Langmauerstrasse",Zürich,"Bus,Tram",&nbsp;,2,,110,3,Bus Tram,"9,10,N11",2683511,1249779
8503500,1896,,,"Zürich, Polyterrasse ETH",Zürich,Standseilbahn,&nbsp;,0,,110,6,Bergbahn,24,2683658,1247925
8591287,1724,,,"Zürich, Neumarkt",Zürich,"Tram,Trolleybus",&nbsp;,2,,110,3,Bus Tram,"3,31",2683737,1247473
8503059,3039,,,"Zürich, Bahnhof Stadelhofen",Zürich,"S-Bahn,Tram",<IMG SRC="../gisbrowser/_img/ZVV/HstTyp4.gif" ALT="S-Bahn Haltestelle">,4,,110,8,Bahn Tram,"8,11,15,S18,SN18",2683808,1246752
8591242,1502,,,"Zürich, Langensteinenstrasse",Zürich,Bus,&nbsp;,0,,110,2,Bus,39,2683887,1249668
8591109,3717,,,"Zürich, Chinagarten",Zürich,Bus,&nbsp;,0,,110,2,Bus,"912,916",2684189,1245449
8591420,2814,,,"Zürich, Waldgarten",Zürich,"Bus,Tram",&nbsp;,2,,110,3,Bus Tram,"7,9,75,N11",2684431,1250924
8591397,2673,,,"Zürich, Toblerplatz",Zürich,"Bus,Tram,Trolleybus",&nbsp;,2,,110,3,Bus Tram,"6,33,N17",2684633,1248188
8503083,2124,,,"Zürich, Römerhof",Zürich,"Bus,Tram,Zahnradbahn",&nbsp;,2,,110,10,Bergbahn Bus Tram,"3,8,25,N16,N19",2684740,1246976
8530812,1144,,,"Zürich, Hegibachplatz",Zürich,"Bus,S-Bahn,Tram,Trolleybus",<IMG SRC="../gisbrowser/_img/ZVV/HstTyp4.gif" ALT="S-Bahn Haltestelle">,4,,110,7,Bahn Bus Tram,"11,31,33,77,S18,SN18",2684764,1246264
8576182,3041,,,"Zürich, Bahnhof Tiefenbrunnen",Zürich,"Bus,Tram,Trolleybus",&nbsp;,2,,110,3,Bus Tram,"2,4,33,910,912,916,N18",2684803,1245002
8591440,2956,,,"Zürich, Wonnebergstrasse",Zürich,Bus,&nbsp;,0,,110,2,Bus,77,2685220,1245167
8591310,2033,,,"Zürich, Rautihalde",Zürich,Bus,&nbsp;,0,,110,2,Bus,"35,67,78,N13",2678186,1248887
8591141,893,,,"Zürich, Friedhof Eichbühl",Zürich,Bus,&nbsp;,0,,110,2,Bus,35,2678223,1248521
8591051,137,,,"Zürich, Bachmattstrasse",Zürich,Tram,&nbsp;,2,,110,5,Tram,2,2678857,1249202
8576241,1156,,,"Zürich, Heizenholz",Zürich,"Bus,Trolleybus",&nbsp;,0,,110,2,Bus,"46,89,N4",2678883,1251795
8591258,1570,,,"Zürich, Lindenplatz",Zürich,"Bus,Tram",&nbsp;,2,,110,3,Bus Tram,"2,35,78,80,N13",2679090,1249082
8591423,2831,,,"Zürich, Wartau",Zürich,"Bus,Tram",&nbsp;,2,,110,3,Bus Tram,"13,80,N4",2679509,1250742
8591134,867,,,"Zürich, Flurstrasse",Zürich,Bus,&nbsp;,0,,110,2,Bus,"83,89",2679543,1248390
8591363,2385,,,"Zürich, Siemens",Zürich,Tram,&nbsp;,2,,110,5,Tram,3,2679700,1248050
8591434,2934,,,"Zürich, Winzerhalde",Zürich,Bus,&nbsp;,0,,110,2,Bus,"80,89,304,308",2679710,1250451
8591431,2899,,,"Zürich, Wieslergasse",Zürich,"Bus,Trolleybus",&nbsp;,0,,110,2,Bus,"38,46,N4",2679809,1250898
8503054,12530,,,Zürich Triemli,Zürich,S-Bahn,<IMG SRC="../gisbrowser/_img/ZVV/HstTyp4.gif" ALT="S-Bahn Haltestelle">,4,,110,1,Bahn,S10,2679812,1246548
8591348,3566,,,"Zürich, Schützenhaus Höngg",Zürich,Bus,&nbsp;,0,,110,2,Bus,38,2679883,1251529
8591176,1120,,,"Zürich, Hardhof",Zürich,Tram,&nbsp;,2,,110,5,Tram,6,2679935,1250042
8576240,1626,,,"Zürich, Meierhofplatz",Zürich,"Bus,Tram,Trolleybus",&nbsp;,2,,110,3,Bus Tram,"13,38,46,80,N4,N8",2680070,1250673
8591150,903,,,"Zürich, Friesenberghalde",Zürich,Bus,&nbsp;,0,,110,2,Bus,73,2680360,1246130
8591208,3123,,,"Zürich, Im Gut",Zürich,Bus,&nbsp;,0,,110,2,Bus,"67,89",2680414,1247520
8591252,1548,,,"Zürich, Letzigrund",Zürich,Tram,&nbsp;,2,,110,5,Tram,2,2680430,1248368
8591201,1280,,,"Zürich, Hönggerberg",Zürich,Bus,&nbsp;,0,,110,2,Bus,"69,80,N8",2680476,1251015
8591043,3150,,,"Zürich, Am Börtli",Zürich,Bus,&nbsp;,0,,110,2,Bus,38,2680660,1250416
8591034,46,,,"Zürich, Albisgütli",Zürich,Tram,&nbsp;,2,,110,5,Tram,"10,13",2680775,1245121
8591131,857,,,"Zürich, Fischerweg",Zürich,"Bus,Tram",&nbsp;,2,,110,3,Bus Tram,"6,8,N13",2681045,1249748
8591075,468,,,"Zürich, Bertastrasse",Zürich,"Bus,Trolleybus",&nbsp;,0,,110,2,Bus,"72,N5",2681176,1247561
8591278,1648,,,"Zürich, Mittelleimbach",Zürich,Bus,&nbsp;,0,,110,2,Bus,"70,151,N12",2681316,1241920
8591447,3018,,,"Zürich, Zwinglihaus",Zürich,"Bus,Trolleybus",&nbsp;,0,,110,2,Bus,"32,72,N5",2681368,1247299
8591049,132,,,"Zürich, Auzelg",Zürich,"Bus,Tram",&nbsp;,2,,110,3,Bus Tram,"11,12,79",2685288,1252423
8591429,2879,,,"Zürich, Wetlistrasse",Zürich,"S-Bahn,Tram",<IMG SRC="../gisbrowser/_img/ZVV/HstTyp4.gif" ALT="S-Bahn Haltestelle">,4,,110,8,Bahn Tram,"11,SN18",2685364,1246093
8591050,134,,,"Zürich, Auzelg Ost",Zürich,Bus,&nbsp;,0,,110,2,Bus,79,2685531,1252028
8591264,1590,,,"Zürich, Luegisland",Zürich,"Bus,Tram",&nbsp;,2,,110,3,Bus Tram,"9,N11",2686254,1251205
8591315,2549,,,"Zürich, Rehalp",Zürich,"S-Bahn,Tram",<IMG SRC="../gisbrowser/_img/ZVV/HstTyp4.gif" ALT="S-Bahn Haltestelle">,4,,110,8,Bahn Tram,"11,S18,SN18",2686463,1245094
8591424,2836,,,"Zürich, Waserstrasse",Zürich,"Bus,Trolleybus",&nbsp;,0,,110,2,Bus,"31,N16,N19",2686532,1245906
8591102,3787,,,"Zürich, Buchholz",Zürich,Bus,&nbsp;,0,,110,2,Bus,91,2686879,1246201
8591228,1389,,,"Zürich, Kienastenwies",Zürich,"Bus,Trolleybus",&nbsp;,0,,110,2,Bus,"31,N16",2687812,1245571
8591161,6020,,,"Zürich, Glaubtenstrasse Süd",Zürich,Bus,&nbsp;,0,,110,2,Bus,80,2681510,1251988
8595899,6975,,,"Zürich, Glaubtenstrasse Nord",Zürich,Bus,&nbsp;,0,,110,2,Bus,"40,80",2681581,1252110
8503091,12546,,,Zürich Giesshübel,Zürich,S-Bahn,<IMG SRC="../gisbrowser/_img/ZVV/HstTyp4.gif" ALT="S-Bahn Haltestelle">,4,,110,1,Bahn,"S4,SN4",2681837,1246322
8591041,3706,,,"Zürich, Althoos",Zürich,Bus,&nbsp;,0,,110,2,Bus,40,2681920,1251665
8573710,3042,,,"Zürich, Bahnhof Wiedikon",Zürich,"Bus,Tram",&nbsp;,2,,110,3,Bus Tram,"9,14,67,76,215,220,235,236,245,350",2681991,1247302
8591235,1445,,,"Zürich, Krematorium Nordheim",Zürich,Bus,&nbsp;,0,,110,2,Bus,40,2682243,1251076
8591082,488,,,"Zürich, Billoweg",Zürich,"Bus,Tram",&nbsp;,2,,110,3,Bus Tram,"7,N15",2682609,1245088
8591367,1366,,,"Zürich, Sihlpost / HB",Zürich,"Bus,Tram,Trolleybus",&nbsp;,2,,110,3,Bus Tram,"3,14,31,N2,N8",2682739,1247828
8591380,3768,,,"Zürich, Staudenbühl",Zürich,Bus,&nbsp;,0,,110,2,Bus,40,2682758,1252712
8591369,2396,,,"Zürich, Sihlstrasse",Zürich,Tram,&nbsp;,2,,110,5,Tram,"2,9",2682773,1247403
8591282,1667,,,"Zürich, Museum für Gestaltung",Zürich,"Bus,Tram",&nbsp;,2,,110,3,Bus Tram,"4,6,13,N1,N4,N5,N7,N13",2682785,1248499
8591080,3774,,,"Zürich, Bhf. Wollishofen/Werft",Zürich,Bus,&nbsp;,0,,110,2,Bus,"161,165,N15",2682794,1244713
8591053,144,,,"Zürich, Bad Allenmoos",Zürich,Tram,&nbsp;,2,,110,5,Tram,11,2682963,1251145
8503449,786,,,"Zürich Enge, Schiffstation",Zürich,Schiff,<IMG SRC="../gisbrowser/_img/ZVV/HstTyp1.gif" ALT="Schiffsstation">,1,,110,4,Schiff,3734,2682997,1245920
8591335,2158,,,"Zürich, Schaffhauserplatz",Zürich,"Bus,Tram,Trolleybus",&nbsp;,2,,110,3,Bus Tram,"7,11,14,15,33,N1,N6,N7",2683055,1249565
8591409,6584,,,"Zürich, Usteristrasse",Zürich,,&nbsp;,0,,,99,,,2683083,1247752
8587348,412,,,"Zürich, Bahnhofplatz/HB",Zürich,"Bus,Tram,Trolleybus",&nbsp;,2,,110,3,Bus Tram,"3,14,31,N2,N8",2683122,1247962
8591276,1643,,,"Zürich, Milchbuck",Zürich,"Bus,Tram,Trolleybus",&nbsp;,2,,110,3,Bus Tram,"7,9,10,14,69,72,83,N6",2683276,1250248
8591309,2030,,,"Zürich, Rathaus",Zürich,Tram,&nbsp;,2,,110,5,Tram,"4,15",2683401,1247353
8591193,1215,,,"Zürich, Hirschwiesenstrasse",Zürich,Tram,&nbsp;,2,,110,5,Tram,"10,14",2683403,1250526
8591183,1157,,,"Zürich, Helmhaus",Zürich,Tram,&nbsp;,2,,110,5,Tram,"4,15",2683435,1247168
8503007,13037,,,Zürich Seebach,Zürich,S-Bahn,<IMG SRC="../gisbrowser/_img/ZVV/HstTyp4.gif" ALT="S-Bahn Haltestelle">,4,,110,1,Bahn,"S6,SN6",2683450,1252550
8591085,497,,,"Zürich, Birch-/Glatttalstrasse",Zürich,Bus,&nbsp;,0,,110,2,Bus,"75,742,N6",2683560,1253545
8591382,2572,,,"Zürich, Sternen Oerlikon",Zürich,"Bus,Tram",&nbsp;,2,,110,3,Bus Tram,"10,11,14,61,62,75,94,N6,N11",2683594,1251618
8591112,694,,,"Zürich, Dorflinde",Zürich,Bus,&nbsp;,0,,110,2,Bus,75,2683826,1251325
8591411,2779,,,"Zürich, Vogelsangstrasse",Zürich,Trolleybus,&nbsp;,0,,110,2,Bus,33,2683850,1248672
8591239,1472,,,"Zürich, Kunsthaus",Zürich,"Tram,Trolleybus",&nbsp;,2,,110,3,Bus Tram,"3,5,9,31",2683876,1247215
8591273,3154,,,"Zürich, Messe/Hallenstadion",Zürich,"Bus,Tram",&nbsp;,2,,110,3,Bus Tram,"11,61,62,94,N11",2683883,1251721
8591376,2451,,,"Zürich, Spyriplatz",Zürich,Trolleybus,&nbsp;,0,,110,2,Bus,33,2684071,1248535
8591156,971,,,"Zürich, Germaniastrasse",Zürich,"Bus,Standseilbahn",&nbsp;,0,,110,9,Bergbahn Bus,"23,39",2684082,1249074
8530473,2090,,,"Zürich, Rigiblick",Zürich,"Bus,Standseilbahn",&nbsp;,0,,110,9,Bergbahn Bus,"23,39",2684172,1249098
8576198,1286,,,"Zürich, Höschgasse",Zürich,"Bus,Tram,Trolleybus",&nbsp;,2,,110,3,Bus Tram,"2,4,33,912,916,N18",2684278,1245837
8591230,1407,,,"Zürich, Kirche Fluntern",Zürich,"Bus,Tram,Trolleybus",&nbsp;,2,,110,3,Bus Tram,"5,6,33,751,N17",2684640,1247889
8591196,3469,,,"Zürich, Hofstrasse",Zürich,Trolleybus,&nbsp;,0,,110,2,Bus,33,2684809,1247554
8591137,3466,,,"Zürich, Freiestrasse",Zürich,Trolleybus,&nbsp;,0,,110,2,Bus,"31,33",2684933,1246381
8591113,708,,,"Zürich, Dreispitz",Zürich,Bus,&nbsp;,0,,110,2,Bus,"61,62,94,N11",2685173,1251721
8591044,92,,,"Zürich, Am Suteracher",Zürich,Bus,&nbsp;,0,,110,2,Bus,35,2677852,1249413
8591130,852,,,"Zürich, Feusisbergli",Zürich,Bus,&nbsp;,0,,110,2,Bus,35,2677940,1249606
8591408,2754,,,"Zürich, Untermoosstrasse",Zürich,Bus,&nbsp;,0,,110,2,Bus,"67,80,N13",2678896,1248191
8591056,3022,,,"Zürich, Bahnhof Altstetten",Zürich,"Bus,Trolleybus",&nbsp;,0,,110,2,Bus,"31,35,78,80,83,89,N2,N13",2679256,1249450
8591126,840,,,"Zürich, Fellenbergstrasse",Zürich,"Bus,Tram",&nbsp;,2,,110,3,Bus Tram,"3,67",2679282,1247739
8591222,1364,,,"Zürich, Kappeli",Zürich,"Bus,Tram",&nbsp;,2,,110,3,Bus Tram,"2,83,89",2679756,1248796
8591446,3015,,,"Zürich, Zwielplatz",Zürich,"Bus,Tram",&nbsp;,2,,110,3,Bus Tram,"13,80,N4",2679857,1250690
8591401,2682,,,"Zürich, Triemlispital",Zürich,Bus,&nbsp;,0,,110,2,Bus,80,2679936,1246664
8591223,3138,,,"Zürich, Kappenbühlweg",Zürich,Bus,&nbsp;,0,,110,2,Bus,38,2679983,1250778
8503053,12302,,,Zürich Schweighof,Zürich,S-Bahn,<IMG SRC="../gisbrowser/_img/ZVV/HstTyp4.gif" ALT="S-Bahn Haltestelle">,4,,110,1,Bahn,S10,2680410,1246561
8576262,2968,,,"Zürich, Zehntenhausplatz",Zürich,"Bus,Trolleybus",&nbsp;,0,,110,2,Bus,"32,37,61,62,491,N1",2680579,1252587
8591338,3458,,,"Zürich, Schauenberg",Zürich,Bus,&nbsp;,0,,110,2,Bus,37,2680619,1252258
8591039,67,,,"Zürich, Alte Trotte",Zürich,"Bus,Tram",&nbsp;,2,,110,3,Bus Tram,"13,N4",2680701,1250191
8591407,2737,,,"Zürich, Unteraffoltern",Zürich,Bus,&nbsp;,0,,110,2,Bus,"62,N1",2680977,1253196
8503020,13029,,,Zürich Hardbrücke,Zürich,S-Bahn,<IMG SRC="../gisbrowser/_img/ZVV/HstTyp4.gif" ALT="S-Bahn Haltestelle">,4,,110,1,Bahn,"SN1,S3,S5,SN5,S6,SN6,S7,SN7,S9,SN9,S11,S12,S15,S16,S21",2681418,1248850
8591133,868,,,"Zürich, Flühgasse",Zürich,Bus,&nbsp;,0,,110,2,Bus,77,2685444,1245016
8591120,3594,,,"Zürich, EPI-Klinik",Zürich,Bus,&nbsp;,0,,110,2,Bus,77,2685536,1244816
8591221,1362,,,"Zürich, Kapfstrasse",Zürich,"Bus,Trolleybus",&nbsp;,0,,110,2,Bus,"31,N16,N19",2685557,1246207
8591212,1315,,,"Zürich, Im Walder",Zürich,Bus,&nbsp;,0,,110,2,Bus,77,2685817,1244761
8591325,2107,,,"Zürich, Roswiesen",Zürich,"Bus,Tram",&nbsp;,2,,110,3,Bus Tram,"7,N11",2685926,1250860
8591443,4,,,"Zürich, Zoo/Forrenweid",Zürich,Bus,&nbsp;,0,,110,2,Bus,751,2686046,1248365
8591115,713,,,"Zürich, Drusbergstrasse",Zürich,"Bus,Trolleybus",&nbsp;,0,,110,2,Bus,"31,N16,N19",2686135,1246125
8591300,3765,,,"Zürich, Stodolastrasse",Zürich,Bus,&nbsp;,0,,110,2,Bus,91,2687026,1245756
8591445,3011,,,"Zürich, Zweiackerstrasse",Zürich,"Bus,Trolleybus",&nbsp;,0,,110,2,Bus,"31,N16",2687579,1245780
8591147,899,,,"Zürich, Friedhof Witikon",Zürich,Bus,&nbsp;,0,,110,2,Bus,"701,703,704,N16,N19",2687934,1246267
8591259,1579,,,"Zürich, Lochergut",Zürich,"Bus,Tram",&nbsp;,2,,110,3,Bus Tram,"2,3,N14",2681479,1247735
8503051,12544,,,Zürich Binz,Zürich,S-Bahn,<IMG SRC="../gisbrowser/_img/ZVV/HstTyp4.gif" ALT="S-Bahn Haltestelle">,4,,110,1,Bahn,S10,2681578,1246315
8591341,2256,,,"Zürich, Schmiede Wiedikon",Zürich,"Bus,Tram,Trolleybus",&nbsp;,2,,110,3,Bus Tram,"9,14,67,72,76,215,220,235,236,245,350,N5",2681605,1247149
8591061,2547,,,"Zürich, Bahnhof Leimbach",Zürich,Bus,&nbsp;,0,,110,2,Bus,"70,N12",2681626,1243049
8591247,1528,,,"Zürich, Lehenstrasse",Zürich,"Bus,Trolleybus",&nbsp;,0,,110,2,Bus,"46,N8",2681689,1250043
8591240,1595,,,"Zürich, Lägernstrasse",Zürich,Trolleybus,&nbsp;,0,,110,2,Bus,32,2682555,1250029
8591058,3026,,,"Zürich, Bahnhof Enge",Zürich,"Bus,Tram",&nbsp;,2,,110,3,Bus Tram,"5,7,N15",2682559,1246495
8591296,3786,,,"Zürich, Okenstrasse",Zürich,Trolleybus,&nbsp;,0,,110,2,Bus,46,2682716,1249153
8516661,14012,,,Zürich HB Museum,Zürich,,&nbsp;,0,,,99,,,2683058,1248155
8591105,615,,,"Zürich, Bürkliplatz",Zürich,"Bus,Tram",&nbsp;,2,,110,3,Bus Tram,"2,5,8,9,11,161,165",2683250,1246773
8591062,6255,,,"Zürich, Bahnhof Oerlikon Nord",Zürich,Bus,&nbsp;,0,,110,2,Bus,"64,80,N7",2683417,1251875
8580449,3034,,,"Zürich, Bahnhof Oerlikon",Zürich,"Bus,Tram",&nbsp;,2,,110,3,Bus Tram,"11,61,62,94,768,781,787,N11,N78",2683489,1251772
8591386,2598,,,"Zürich, Strickhof",Zürich,Bus,&nbsp;,0,,110,2,Bus,39,2683719,1249780
8591256,1552,,,"Zürich, Leutschenbach",Zürich,"Bus,Tram",&nbsp;,2,,110,3,Bus Tram,"10,11,781,787,N78",2683971,1252107
8591220,1359,,,"Zürich, Kantonsschule",Zürich,Tram,&nbsp;,2,,110,5,Tram,"5,9",2683977,1247470
8591172,1093,,,"Zürich, Hagenholz",Zürich,Bus,&nbsp;,0,,110,2,Bus,"781,787,N78",2684262,1252117
8591175,3760,,,"Zürich, Hallenbad Oerlikon",Zürich,Bus,&nbsp;,0,,110,2,Bus,"61,62,94,N11",2684320,1251699
8591094,3645,,,"Zürich, Botanischer Garten",Zürich,"Bus,Trolleybus",&nbsp;,0,,110,2,Bus,"33,77",2684550,1245991
